date,delays,temp,precip,wind,traffic_index
2024-04-09 18:24:31.387118,7.788139997802136,30.440102104172936,0.0,2.9744256878080058,35.86856284889943
2024-04-10 18:24:31.387118,8.220103190947672,29.79147644864797,0.0,1.2309240951108817,41.01645778360043
2024-04-11 18:24:31.387118,8.959675077090036,30.5623212980006,0.0,2.305286868910942,43.353124552957276
2024-04-12 18:24:31.387118,3.6093474345112426,31.421098314635476,0.0,2.590717561886896,41.098441039543566
2024-04-13 18:24:31.387118,3.1279715416128653,29.645899378438507,0.0,2.4759116020654073,47.246060732918124
2024-04-14 18:24:31.387118,3.689323059734668,29.62645402619613,0.8130720843875775,3.152354872033722,37.27031187198071
2024-04-15 18:24:31.387118,5.228739111239965,31.41890173062771,0.0,2.177580067617799,46.070770022863165
2024-04-16 18:24:31.387118,6.3044012118966055,30.584787471973655,0.0,4.121030667324471,47.380254315933314
2024-04-17 18:24:31.387118,9.4214618123296,29.32411469900153,0.0,3.000207064918197,46.61081601788135
2024-04-18 18:24:31.387118,7.202927024467583,30.310965026738195,0.0,2.9906996788613855,45.13908824489924
2024-04-19 18:24:31.387118,5.43882721482456,29.278390207248393,0.0,2.672105283487082,44.50588640111897
2024-04-20 18:24:31.387118,2.3132902557100534,29.248075963381844,0.0,3.155190683858979,46.42372259571373
2024-04-21 18:24:31.387118,5.545660232676685,29.92636900304319,0.0,3.8250982646676346,46.99613659306018
2024-04-22 18:24:31.387118,4.463367580190381,27.740339410532098,0.021272486621875197,2.1328697842891,32.21368773418866
2024-04-23 18:24:31.387118,10.561042736568664,27.896535778452435,0.0,2.3418835109247436,25.374393156886846
2024-04-24 18:24:31.387118,5.945180509606875,29.025630601055997,0.0,2.6962739712233352,24.592576890189708
2024-04-25 18:24:31.387118,7.6748032345129635,28.540192030136655,0.060772342365142173,1.654129076526785,27.4421225925962
2024-04-26 18:24:31.387118,5.132002230328806,29.831026344218696,0.0,2.180742140278502,27.525371194577247
2024-04-27 18:24:31.387118,1.5386812909516119,28.571172378153335,0.0,2.523779126455341,23.840031470420342
2024-04-28 18:24:31.387118,3.880532627849633,28.027982911812174,0.0,3.8743891807127273,19.97180842311016
2024-04-29 18:24:31.387118,7.673093591487481,30.865709788789232,0.0,3.262561329001925,27.69077934236211
2024-04-30 18:24:31.387118,4.9273976408171265,29.13275529306007,0.047622747316039216,3.1935899113675443,34.38034514904629
2024-05-01 18:24:31.387118,9.694105662315383,29.38323884493748,0.0,3.850897962167972,39.76023572668451
2024-05-02 18:24:31.387118,3.450793489339723,27.846862662535678,0.0,2.862628211600603,32.95242512410822
2024-05-03 18:24:31.387118,3.286822002372178,28.681862562240134,0.3152503827630665,3.3904648499288896,36.69601742285253
2024-05-04 18:24:31.387118,5.472457890410881,29.29054998680305,0.0,2.8967782470675036,35.17460398024673
2024-05-05 18:24:31.387118,3.363728277523059,27.980777416197245,2.1346302113759688,3.2653623493996284,44.74848663700179
2024-05-06 18:24:31.387118,4.31485282815332,29.458388275575253,0.0,2.417241342388418,40.28363873833896
2024-05-07 18:24:31.387118,8.554337108256139,28.431761041685917,0.8042186172679572,0.5611828417235709,53.24527654377398
2024-05-08 18:24:31.387118,12.094145872457318,28.689220569119804,0.3502805105908151,2.865720837813696,35.372326327417795
2024-05-09 18:24:31.387118,4.7965870989512425,28.326542663164176,0.0,4.4227481360999406,47.1229626203803
2024-05-10 18:24:31.387118,3.4727462547168013,30.72669839134414,0.0,3.9262154022415925,52.068116976424626
2024-05-11 18:24:31.387118,5.643982391592457,28.805945839214782,0.0,3.9653974845911706,50.13093016842443
2024-05-12 18:24:31.387118,7.143365810376698,27.705623208704143,0.0,4.236130721806218,68.61533712370944
2024-05-13 18:24:31.387118,6.140821167495439,29.52865496634617,0.0,3.0886575909614375,47.79840019654326
2024-05-14 18:24:31.387118,6.528030467139908,27.426944120461414,0.0,3.1973157074055956,34.55575367628912
2024-05-15 18:24:31.387118,12.510620080930863,28.797248163384563,1.4867268560295277,2.38234810456565,39.23628602328742
2024-05-16 18:24:31.387118,9.91744184695397,26.568247926656113,1.950451321763175,2.68392714397295,23.201838881243187
2024-05-17 18:24:31.387118,5.925543524852859,27.138220085536457,0.708351102248331,3.615771149771142,34.35520200562592
2024-05-18 18:24:31.387118,1.7719024146909679,28.600728283254206,0.0,4.203884437168816,26.26448373212846
2024-05-19 18:24:31.387118,3.754218904671594,29.07878590106308,0.0,2.8605537243190007,38.662868166636905
2024-05-20 18:24:31.387118,5.688348269239655,28.4471500672354,0.0,2.5498107351485886,25.944419540345045
2024-05-21 18:24:31.387118,8.843088857800216,28.09462528379458,0.0,3.000527958856597,29.065872673638026
2024-05-22 18:24:31.387118,11.036411473859957,27.84271037738988,0.0,3.6012067489291146,25.256279005874088
2024-05-23 18:24:31.387118,8.965787914598426,26.597901009449213,0.0,1.5561451838664582,45.250556776982265
2024-05-24 18:24:31.387118,3.139464468354013,27.288276107729903,0.0,0.7038190468627619,30.358990059191232
2024-05-25 18:24:31.387118,5.593170065440508,27.47828749050258,0.0,2.4494631505084166,49.6604563478336
2024-05-26 18:24:31.387118,4.659781585523225,28.925983565740538,0.9353867499458187,1.7792875740858414,43.925023645920916
2024-05-27 18:24:31.387118,7.5518808542747236,28.141564601619343,0.8207574205634299,2.491859802352689,43.85653381868308
2024-05-28 18:24:31.387118,11.30806986774305,25.96316203734052,1.81001509414875,2.8522196811825284,45.538055629565356
2024-05-29 18:24:31.387118,7.7560724301934005,27.977734210204463,0.17825750101828197,2.5467515909769864,48.15037838573002
2024-05-30 18:24:31.387118,7.390906592834991,27.195229674662947,0.0,4.452467534470745,31.64968717710059
2024-05-31 18:24:31.387118,4.5119641075314885,26.829287066922923,0.8110670711510936,3.32674476460232,46.429186884638334
2024-06-01 18:24:31.387118,1.418314448756255,28.04303982438432,0.1823844135130186,3.3004743596108286,56.420522032365255
2024-06-02 18:24:31.387118,4.706746969647433,28.38679706086527,0.0,3.622207144043402,49.60882253220716
2024-06-03 18:24:31.387118,10.085689617145878,28.210813586658492,0.0,1.8611668822192309,38.41773948846208
2024-06-04 18:24:31.387118,6.110198199309953,26.363376398529834,0.0,4.039111787420269,48.24101843322464
2024-06-05 18:24:31.387118,9.660441058809456,26.815789323996558,0.0,2.9242357134645403,60.70391194190942
2024-06-06 18:24:31.387118,8.941968294450389,27.37804322548167,0.0,3.6704806172412123,54.975133724277754
2024-06-07 18:24:31.387118,5.314809252653537,27.943496510404692,0.0,1.9281427669598445,42.09215837609696
2024-06-08 18:24:31.387118,3.4577560690102125,26.409365588174534,0.0,1.4462412339839357,47.61159421646472
2024-06-09 18:24:31.387118,2.0564465144071753,26.62290967698502,0.25585219629696954,3.8178896580250288,34.47975338603039
2024-06-10 18:24:31.387118,6.396560660517971,25.621726589347638,0.0,3.3764095260975164,21.36902730538626
2024-06-11 18:24:31.387118,7.74378547423346,25.45083578704198,1.9638645334564946,2.0979484456424897,25.53320428309809
2024-06-12 18:24:31.387118,6.156758301282064,27.378061027073336,0.0,2.1303369187253054,43.842856110221206
2024-06-13 18:24:31.387118,9.687966283923666,27.839804124938276,1.9072539707544895,4.12543478441477,28.148797082474886
2024-06-14 18:24:31.387118,6.356986075710386,26.329143254415744,0.0,1.8105881071326722,28.052928164999855
2024-06-15 18:24:31.387118,3.381548452069354,27.32186036153206,0.0,4.642672953255963,27.94203616691027
2024-06-16 18:24:31.387118,4.609574358479257,26.596746927452312,0.0,2.0993792653521313,46.57283867873967
2024-06-17 18:24:31.387118,8.265664161390434,25.50640859654794,0.22727536048235264,3.638391925608383,45.93660351103102
2024-06-18 18:24:31.387118,9.437008769922913,26.429000182707394,0.0,2.6713815242510153,52.750241867585075
2024-06-19 18:24:31.387118,10.895975812342773,27.521401015433852,0.9118839316992092,3.6031874310823433,36.1394478657744
2024-06-20 18:24:31.387118,7.422727834241435,25.86300688951786,0.0,2.455885997885807,42.364995909976756
2024-06-21 18:24:31.387118,7.005425391621423,27.378678720506592,0.0,2.837207093927706,30.455050055658848
2024-06-22 18:24:31.387118,4.512457601177466,23.10925088050963,0.3987662032249406,3.040919175395721,56.815475408946185
2024-06-23 18:24:31.387118,4.450160096039161,26.46564339163813,0.0,1.9978125442185273,37.728831401722
2024-06-24 18:24:31.387118,4.8627975378908594,25.645342103846648,0.0,3.7408243454201258,50.394458547945405
2024-06-25 18:24:31.387118,9.363544989693212,25.173676398620128,0.0,2.486786433528415,40.88083804182793
2024-06-26 18:24:31.387118,8.362632668025602,25.478693172702815,0.0,2.7714000846599816,45.28906538609043
2024-06-27 18:24:31.387118,7.186653428392795,23.31349747222807,0.966015622714998,2.0056506253914876,42.96115881449309
2024-06-28 18:24:31.387118,4.293041556506575,24.995439277185138,0.7090558864233666,0.4376663412046895,43.79725195243784
2024-06-29 18:24:31.387118,2.1410255893391654,25.48620477264741,0.0,2.808972237399831,42.75808618667366
2024-06-30 18:24:31.387118,7.4739396499333415,26.52092902918496,0.0,5.412615421612916,40.61384964059942
2024-07-01 18:24:31.387118,8.812105827887958,24.438694797282913,0.0,3.784604287898024,49.254861745267654
2024-07-02 18:24:31.387118,11.696008111508391,24.06241419597115,0.03370228888955962,2.9807396202656053,31.161097655499844
2024-07-03 18:24:31.387118,7.723964026513839,24.28313179139281,0.0,2.737109170791732,39.17614096508572
2024-07-04 18:24:31.387118,8.163405306587904,25.61433573087311,0.0,3.0224658928120465,44.743673218444485
2024-07-05 18:24:31.387118,3.329213149491565,24.941818713492367,0.6232928960491736,3.54711911517521,28.823361272027384
2024-07-06 18:24:31.387118,2.4236018443824285,23.997556047146965,0.0,1.8191871846911551,25.59639483617481
2024-07-07 18:24:31.387118,2.8269613221767727,24.954972397504882,0.44857674996189456,4.114321694668872,28.496544735667314
2024-07-08 18:24:31.387118,8.548132043000056,24.453336662085135,0.0,3.715381315441244,39.43780166688568
2024-07-09 18:24:31.387118,8.299021985946172,25.23964900593352,0.0,3.7181857257079347,31.893602784736174
2024-07-10 18:24:31.387118,11.050319543833075,23.483911841430064,0.3058308732034155,3.438475738809727,27.090031605294808
2024-07-11 18:24:31.387118,8.997563425875155,23.77350492477442,0.6186598309346293,3.01961665769399,36.79994539763883
2024-07-12 18:24:31.387118,8.617440166830683,23.624527397899964,0.0,3.67286123596682,26.18166280130861
2024-07-13 18:24:31.387118,1.663303641395311,22.468880474668904,0.0,3.5918141337413783,42.862685632518385
2024-07-14 18:24:31.387118,6.368732581508391,24.144591925911516,0.0,2.6459592890589763,43.26885846161414
2024-07-15 18:24:31.387118,8.492175759239373,24.02594436977521,0.0,2.426398227103099,40.125722681914105
2024-07-16 18:24:31.387118,7.722301015321705,23.686785993002427,0.4552427635486217,3.1018562952619866,38.29131361242214
2024-07-17 18:24:31.387118,11.225036149927169,23.364259490628772,0.0,4.549020151495188,39.97762043359782
2024-07-18 18:24:31.387118,8.864644516464251,22.101065161582135,0.0,1.7608929243460991,52.93879272861168
2024-07-19 18:24:31.387118,5.655663153841058,23.013819472555507,0.4935335773389048,1.53247473424756,59.491102282803176
2024-07-20 18:24:31.387118,2.757343793471922,23.01024307235058,0.0,3.1647608412365167,44.90153802376964
2024-07-21 18:24:31.387118,3.6723684132481837,22.469661167424714,0.0,3.050887701856018,53.326351891302565
2024-07-22 18:24:31.387118,9.753998901459447,23.030145634685155,0.0,3.173341664370408,31.964037889027832
2024-07-23 18:24:31.387118,9.244401195172472,23.515511030794716,0.0,3.2439531979085,42.39412596660787
2024-07-24 18:24:31.387118,11.098679918470548,24.918234517928198,0.22835304443615412,2.776797745365195,44.75152853703279
2024-07-25 18:24:31.387118,6.922594224539328,23.127798018753733,0.15538808692285666,4.489863438602082,35.31072311517057
2024-07-26 18:24:31.387118,4.258728343348533,23.132548690874994,0.0,1.3990960215234844,32.507949001683244
2024-07-27 18:24:31.387118,5.4295849392739175,22.722960162481357,0.0,2.171502975219754,32.06957309722373
2024-07-28 18:24:31.387118,2.4768920718008314,20.801695317158664,0.0,2.8967452398509526,37.33754182661097
2024-07-29 18:24:31.387118,6.115785348959764,22.617688586181462,0.0,1.3568111888458327,31.430300040883527
2024-07-30 18:24:31.387118,8.785213485923554,22.628866674397575,0.0,2.824145595567929,13.433896095555848
2024-07-31 18:24:31.387118,9.489345449626125,24.95703304525641,0.0,4.661470165728018,13.37514051602879
2024-08-01 18:24:31.387118,7.675912861371292,22.227327080139613,0.0,3.020886488295962,25.1450785771426
2024-08-02 18:24:31.387118,6.777140173421209,22.64789710152395,3.2750851530962155,3.2307009057186833,34.002234425537736
2024-08-03 18:24:31.387118,4.484795871185008,22.239086037591502,0.11550914798343448,1.7398352348274198,9.359707220353737
2024-08-04 18:24:31.387118,5.534168440966917,21.033375650329585,0.1454237730179112,2.3836385919605227,28.931090778921465
2024-08-05 18:24:31.387118,5.317094629955473,23.2739614749934,0.0,2.624803619676063,30.790017147860624
2024-08-06 18:24:31.387118,9.07963203600374,22.81300677122441,0.0,2.682284903243766,48.51851177464235
2024-08-07 18:24:31.387118,11.655324539486818,22.782911630918434,0.0,4.2816437950037685,36.919825506297045
2024-08-08 18:24:31.387118,9.766664045292536,21.01418954538862,0.0,3.5576910607251246,45.65210232895264
2024-08-09 18:24:31.387118,3.7816607478397235,23.258980237956926,0.0,1.888542043062968,46.13005712069969
2024-08-10 18:24:31.387118,4.432966833450989,20.3878753710249,0.0,3.246504778432005,30.026535973407842
2024-08-11 18:24:31.387118,2.0232859139516606,22.311075307754844,0.0,3.498221748496785,54.80591177089828
2024-08-12 18:24:31.387118,7.348050959221374,23.85013630474231,0.0,4.140149038521266,51.38243030654098
2024-08-13 18:24:31.387118,12.53346795487099,20.605596627484232,0.0,4.580540686568374,54.06614911739672
2024-08-14 18:24:31.387118,9.394327858929618,20.967296135962343,0.0,1.9849058081721314,81.06915991438129
2024-08-15 18:24:31.387118,6.969913659552416,21.571733314551754,0.0,2.1891424887896616,31.987350521855696
2024-08-16 18:24:31.387118,7.351766275205702,20.908139777503994,0.0,1.7424221410853837,60.86864100995436
2024-08-17 18:24:31.387118,2.12068446735943,19.80154879850143,1.028310399117133,2.7659801408930185,42.70041984479716
2024-08-18 18:24:31.387118,3.9131094414933374,21.36245292056305,0.0,3.4663583744463344,44.88682168624927
2024-08-19 18:24:31.387118,8.152936702933967,20.174362148613852,0.7277847790476909,3.987334516589102,39.63590203759004
2024-08-20 18:24:31.387118,8.557394620521544,21.654149366682468,0.7648528350787472,2.924048976357477,34.01791888179047
2024-08-21 18:24:31.387118,9.55817248772737,20.206155558930995,0.19258500258279299,2.680152476745156,30.441336574089945
2024-08-22 18:24:31.387118,9.510304596468393,22.621685129623966,0.15537386094397299,3.1517579922487404,35.565002072718606
2024-08-23 18:24:31.387118,6.074715035727811,20.235832388750687,0.0,2.164857098369977,19.202356388782178
2024-08-24 18:24:31.387118,4.856550941503566,20.6455387521896,1.4209979103013257,5.089538721694773,36.345375077283435
2024-08-25 18:24:31.387118,4.119564885249733,21.73082696014009,0.3016692817026039,1.3923389728819413,26.670444760917967
2024-08-26 18:24:31.387118,7.371095413399162,19.637364689946498,0.0,3.1847405788957244,21.30018702478645
2024-08-27 18:24:31.387118,9.114688289218236,21.04783253751095,0.0,5.02360621922964,27.739643098189102
2024-08-28 18:24:31.387118,10.88121466989485,22.08089746751711,0.0,3.006799844559998,42.98612592303506
2024-08-29 18:24:31.387118,7.590599565753111,19.120905916689637,0.0,2.8099609649985053,30.717319303870237
2024-08-30 18:24:31.387118,5.660084090971049,20.86892321828275,0.0,2.6425545771895727,40.27943849465173
2024-08-31 18:24:31.387118,2.7133265705120317,20.901351200701814,0.0,2.8196083182375924,34.1523497942762
2024-09-01 18:24:31.387118,5.025025442594839,21.381761851909634,0.0,4.37284847467653,48.651565250414166
2024-09-02 18:24:31.387118,6.253179942763165,19.322762675974452,0.0,0.7881380886704932,50.484061910321586
2024-09-03 18:24:31.387118,8.381623541725833,19.200346933241182,0.0,4.5334337012963255,61.859938478236785
2024-09-04 18:24:31.387118,10.737890307805568,21.00516255399348,0.0,1.576042847549855,47.25574247385065
2024-09-05 18:24:31.387118,9.256606049143633,20.743961522762106,0.22837616992694965,2.733347670765585,55.008496700953934
2024-09-06 18:24:31.387118,7.388350191396415,20.66257472004891,0.0,2.570755579701338,50.784540316311556
2024-09-07 18:24:31.387118,4.1390525594477765,20.72499459853151,0.0,3.5885532697707196,60.02623251779481
2024-09-08 18:24:31.387118,5.644776721590535,19.666355623231613,0.0,1.4018756481162524,42.90959493697457
2024-09-09 18:24:31.387118,8.416818564708171,20.547846965683846,0.0,3.4621726660819427,53.03111031488374
2024-09-10 18:24:31.387118,10.421503591772812,20.57926675634658,0.0,5.024309623286852,43.44242163106655
2024-09-11 18:24:31.387118,9.077796913025402,19.543840681912773,0.0,1.6368259954071895,42.07468503415723
2024-09-12 18:24:31.387118,8.900376838271198,22.09736952799253,0.0,3.1897061676103955,40.73401987558703
2024-09-13 18:24:31.387118,6.667325790296478,20.680243835975304,0.3208595457969734,2.338017822203391,39.42973272038825
2024-09-14 18:24:31.387118,4.3473873169169295,18.991343759976605,0.0,3.425887206193036,34.070167655024356
2024-09-15 18:24:31.387118,1.8077218181092585,20.81686469351351,0.0,3.019147777415752,34.64663765349874
2024-09-16 18:24:31.387118,7.720028244413281,19.16472734662737,0.0,2.3585130909556904,43.964690422653085
2024-09-17 18:24:31.387118,13.038777790940573,20.907031850580612,0.0,3.487872284871074,38.22433922203108
2024-09-18 18:24:31.387118,9.7437895682095,21.260527120779955,0.0,4.804348109786743,36.953236739975175
2024-09-19 18:24:31.387118,7.374975705037179,19.26468492174838,0.007558119445595923,2.809096208272701,26.696425528918347
2024-09-20 18:24:31.387118,6.382888008941004,21.033635379425167,0.0,3.719757942148182,24.225819336328982
2024-09-21 18:24:31.387118,5.005210312235117,20.469392975774795,0.0,1.7067270421288363,40.57133665403651
2024-09-22 18:24:31.387118,6.9437757875253,20.866489840027217,0.0,2.043563623181991,42.008374340238376
2024-09-23 18:24:31.387118,5.767061265236322,21.930508736316877,0.0,3.4724062778803773,49.19317495498269
2024-09-24 18:24:31.387118,10.8259279261115,19.779085328493643,0.0,4.484116028535965,35.16815499224615
2024-09-25 18:24:31.387118,11.315452852585516,19.26296932687166,0.0,3.35561334878566,40.75180120814243
2024-09-26 18:24:31.387118,8.426113945937786,19.120899766047515,0.0,2.6869419694768455,31.88412669979654
2024-09-27 18:24:31.387118,6.953695435098484,19.189791137109395,0.7934484815052704,2.999291405423354,43.93129896337847
2024-09-28 18:24:31.387118,6.472058848301663,19.925166887149107,0.0,1.7495922660302825,56.63281812247995
2024-09-29 18:24:31.387118,6.611524527219888,20.341568681542956,0.0,3.604515326355367,45.927295229065095
2024-09-30 18:24:31.387118,6.1279477991215385,20.27673710064907,0.0,3.882333062323409,55.12383836160659
2024-10-01 18:24:31.387118,11.288436395835479,20.82834073913657,0.0,2.5479096671669197,48.13523341490821
2024-10-02 18:24:31.387118,11.287809974707024,20.01675183567949,3.375024702189955,2.5299578522404986,51.2527102636169
2024-10-03 18:24:31.387118,8.93875309824275,21.461356971379498,0.0,3.2658782296520483,37.889536693340105
2024-10-04 18:24:31.387118,6.501777781091292,19.748718301221267,0.0,2.5632802639594043,45.68167559707122
2024-10-05 18:24:31.387118,4.013033833933528,22.740574185853724,0.0,2.9338673853741777,18.65910268381942
2024-10-06 18:24:31.387118,7.164511512357137,20.654577813295244,0.7617404970327369,5.099721789166516,38.50483073470411
2024-10-07 18:24:31.387118,7.190293356349638,19.181731396494055,0.09254912069190935,2.7529742992540034,24.36802359925371
2024-10-08 18:24:31.387118,8.379134377476827,18.97944502650212,0.0,2.6416598479787776,44.647956132374546
2024-10-09 18:24:31.387118,10.09761681160923,20.545725203273257,0.750820194066698,2.352458194364841,39.14819101025062
2024-10-10 18:24:31.387118,9.111155568926074,19.85416813091369,0.0,3.7441919714999368,35.07311381788429
2024-10-11 18:24:31.387118,8.242346790180589,20.807468142734045,0.0,2.818775826781897,42.50879155438437
2024-10-12 18:24:31.387118,5.510330366962454,20.58399591704526,1.1114935970832378,2.350626961678574,22.408667833401303
2024-10-13 18:24:31.387118,4.13509558088402,20.056668811481025,0.0,4.321304032273012,44.319647320433795
2024-10-14 18:24:31.387118,11.639496543729244,19.30288667267406,1.2788304959306598,4.419603004513637,38.79727847623869
2024-10-15 18:24:31.387118,10.253387211678719,18.656453087039857,0.0,2.399576434261295,31.036489890382963
2024-10-16 18:24:31.387118,12.632052914918798,19.74783612857148,0.06241923912767111,1.1334600486393838,44.084961177463576
2024-10-17 18:24:31.387118,8.55777282051694,21.075224661363944,0.012320122682381696,4.007513689836922,28.561461449681687
2024-10-18 18:24:31.387118,7.086465383861072,20.458811162654435,0.0,2.315370174239996,33.40388670777859
2024-10-19 18:24:31.387118,6.148266433901228,19.0262792841523,0.6472898018347061,3.7906255991627686,37.7194726651076
2024-10-20 18:24:31.387118,7.23716118693705,20.473900636141703,0.0,1.0298961822881645,40.76817833548782
2024-10-21 18:24:31.387118,9.308424591463005,20.71613123561421,0.0,3.8925973382993093,38.61860666978342
2024-10-22 18:24:31.387118,11.782688319005695,19.478434145902884,0.0,1.7888280707192188,58.444918574606966
2024-10-23 18:24:31.387118,10.373922100952948,20.548868667362356,0.0,3.7307641190665244,47.588423059932005
2024-10-24 18:24:31.387118,8.480432949355684,20.487568777519332,0.0,3.014273067836434,52.82003974685504
2024-10-25 18:24:31.387118,7.129706414247382,19.3219606381562,0.20258709741067493,2.0460605806033554,45.09644733158124
2024-10-26 18:24:31.387118,6.156816924635257,20.859633012087066,0.0,2.5929636870732193,34.09542763345624
2024-10-27 18:24:31.387118,5.315055035010937,21.10087779407049,0.0,3.686318456956701,49.23152667899687
2024-10-28 18:24:31.387118,9.211797152504415,21.662713693458457,0.0,3.1058944531152344,29.7019601966418
2024-10-29 18:24:31.387118,12.395201927280189,21.674343526313688,0.0,3.584412980472484,42.03911808234146
2024-10-30 18:24:31.387118,9.171371951722092,19.285048858394923,0.0,4.976440584515485,29.05347968933757
2024-10-31 18:24:31.387118,8.162470512514682,19.768355168705863,0.0,1.4357583882889486,53.31001754282129
2024-11-01 18:24:31.387118,6.393604229837278,21.26594980957102,0.0,4.617212574968624,42.29090177739779
2024-11-02 18:24:31.387118,5.282134516104452,21.310693922739816,0.0,3.104355937523213,33.774962518306424
2024-11-03 18:24:31.387118,4.891187314980812,21.359194554477007,0.5727214768380898,2.101215951676872,41.44939938339296
2024-11-04 18:24:31.387118,9.589708296648386,24.745348724142648,0.0,1.6696863742610102,23.570213917383427
2024-11-05 18:24:31.387118,10.76855144026898,21.513195215656364,0.0,2.8108796092229666,34.347835029360745
2024-11-06 18:24:31.387118,10.732738813043762,22.128760199307212,0.0,3.9216501119244596,31.93922520685902
2024-11-07 18:24:31.387118,6.936825063806383,21.999273479709316,0.0,2.8724508796224657,33.45190661282497
2024-11-08 18:24:31.387118,4.716780261785839,21.74991199595192,0.0,4.511154930247347,43.10776018898868
2024-11-09 18:24:31.387118,5.453928875322006,20.837656620939963,0.0,1.5488243099484411,40.859936822238375
2024-11-10 18:24:31.387118,2.4000440903951556,21.967440178100453,0.0,2.9879110521539456,39.721598851574946
2024-11-11 18:24:31.387118,10.162135256930704,20.49231434697965,4.7398056613056205,1.747606555586881,26.76090051017361
2024-11-12 18:24:31.387118,9.976420082621397,21.086096278440063,0.0,3.363631882624968,34.90782008878942
2024-11-13 18:24:31.387118,15.849789761562253,20.896416260691336,0.0,3.8868873900973004,44.01832853123415
2024-11-14 18:24:31.387118,12.909886529398413,21.523591027977446,0.0,2.579238206318947,47.8180468060787
2024-11-15 18:24:31.387118,6.418547663585111,23.817366931415272,0.0,0.3957861433728658,39.618624240453016
2024-11-16 18:24:31.387118,5.504764193007918,19.697470971289913,0.0,3.1989481467964946,68.95267166751805
2024-11-17 18:24:31.387118,7.610500872439528,22.314042096209786,0.0,3.4367385517335096,62.13115244202858
2024-11-18 18:24:31.387118,10.874283011397669,20.079111037598956,0.0,3.4042947549616978,54.476204826030546
2024-11-19 18:24:31.387118,8.113181839812352,21.284920329035657,0.0,4.235782191822154,49.23654892811437
2024-11-20 18:24:31.387118,8.554805950467367,22.91178909251648,0.7605874545039951,1.9289463203509511,45.37339605265628
2024-11-21 18:24:31.387118,8.376292055417544,21.954046276891123,0.0,3.6802161054504494,37.38465231982213
2024-11-22 18:24:31.387118,8.098707119641297,20.87987087149506,1.9604563512482565,4.192507512477975,43.20803459917618
2024-11-23 18:24:31.387118,5.941767055638767,21.311062855936214,0.0,1.2214124159934832,42.062020321142064
2024-11-24 18:24:31.387118,7.252189780880625,22.775596381665668,0.7673627345325117,3.319651825918977,27.477724945121842
2024-11-25 18:24:31.387118,6.253921934211222,21.436124586827273,0.0,2.4958201689923287,37.673411337959145
2024-11-26 18:24:31.387118,6.815015848901506,22.454282023743875,0.0,2.918477326898354,31.68685979753655
2024-11-27 18:24:31.387118,11.853350739481419,22.35554598221232,0.0,3.3476764835383364,16.077285499136487
2024-11-28 18:24:31.387118,7.858510040922288,21.73132161556643,0.0,2.5127714358864477,23.4576616508733
2024-11-29 18:24:31.387118,3.5444401007169057,24.600589370064807,0.0,2.3242919208383883,26.691155732626846
2024-11-30 18:24:31.387118,5.708460434748075,23.165041271518124,0.7840184621892915,3.0341524174880248,45.44224299583084
2024-12-01 18:24:31.387118,6.92011250409244,20.58118821276345,0.0,1.9127540611371974,35.79217095842567
2024-12-02 18:24:31.387118,7.80338413988662,22.86870296025517,0.8578412268091479,1.9141748711148145,22.245079635335344
2024-12-03 18:24:31.387118,9.816487674437175,22.09706682652956,0.0,3.6793732829565036,38.88829031534105
2024-12-04 18:24:31.387118,10.647765511469142,23.688555372044064,0.3567878519658666,1.851205964841344,25.03337763746783
2024-12-05 18:24:31.387118,9.180538586488634,22.121511248505715,0.3076547205760206,3.666312500909212,48.66152843109649
2024-12-06 18:24:31.387118,4.944604860334071,22.87782361250323,0.409714404336759,3.462591292853951,38.81919323648217
2024-12-07 18:24:31.387118,4.308213457770614,23.576670247762422,0.0,1.2741932712094033,44.25091049008664
2024-12-08 18:24:31.387118,7.019974229960692,24.017132479716754,0.0,2.322435347664345,57.67744099220301
2024-12-09 18:24:31.387118,8.689776721848157,22.031322982062363,0.0,4.1941094030473725,38.36294548917037
2024-12-10 18:24:31.387118,10.817230411994053,22.977884266188482,0.0,2.0188344688603186,38.48231278198674
2024-12-11 18:24:31.387118,9.79868512155004,22.91870638037722,0.0,2.5355957376906124,45.33120538923196
2024-12-12 18:24:31.387118,9.658722255570078,22.82206464414484,0.0,3.4620608932518966,57.96628907104521
2024-12-13 18:24:31.387118,3.642860921663638,25.32304207587805,0.0,3.7833905092825955,36.50548543402967
2024-12-14 18:24:31.387118,5.321207719822233,24.04519092329043,0.0,2.7484611139555044,24.413823026980996
2024-12-15 18:24:31.387118,8.125606696970822,22.46234957008401,0.0,2.4024898053083583,41.390729132728026
2024-12-16 18:24:31.387118,6.238844138943092,24.724498117025025,0.0,4.422369861698508,47.002116850312504
2024-12-17 18:24:31.387118,9.97864481738567,26.0125486319918,0.0,4.738899663797579,49.60209399791063
2024-12-18 18:24:31.387118,11.622574277656497,25.006942761208048,0.0,3.9788580507817954,33.70651865229164
2024-12-19 18:24:31.387118,11.35508691185534,22.53949648482977,0.0,3.0853181425650242,31.708587143071945
2024-12-20 18:24:31.387118,6.495913003105981,23.65930020622636,0.3834919183263431,2.191734278359074,42.160138062180515
2024-12-21 18:24:31.387118,3.92447701684753,25.49536704586522,0.0,2.1695555934434347,16.381812364592285
2024-12-22 18:24:31.387118,2.815772349684691,23.60593667381489,0.0,3.5225141052657576,27.23257553564524
2024-12-23 18:24:31.387118,8.365625016350169,24.842779203649464,0.0,3.4183982208886836,31.52339111940046
2024-12-24 18:24:31.387118,13.677298337767496,25.25912556619216,0.0,4.40159859294643,33.934491507389566
2024-12-25 18:24:31.387118,11.486047277825056,23.643245534734685,0.0,3.650450092536139,27.261292416628542
2024-12-26 18:24:31.387118,9.60886348915812,24.596462509926596,0.3327076747269564,1.496919698240182,33.20446028178121
2024-12-27 18:24:31.387118,7.103339872251726,21.50063432381466,0.0,4.051947617722918,15.093381172696098
2024-12-28 18:24:31.387118,5.3341382714956485,23.80350430055198,0.01321784478971555,2.001939372685587,32.145822250303965
2024-12-29 18:24:31.387118,4.947545388214432,24.661365067827663,0.0,2.6160287280476484,43.62806970043578
2024-12-30 18:24:31.387118,9.579516637056313,23.752216818035155,0.0,3.2502002062516944,34.72983817698776
2024-12-31 18:24:31.387118,11.253574207526055,26.718478084710807,0.0,4.995667489783965,45.47187377271672
2025-01-01 18:24:31.387118,11.634124570811698,23.65592540281854,0.0,6.109918556005361,50.64604781828707
2025-01-02 18:24:31.387118,8.965617217101197,24.732063571416745,2.6430891602312663,3.6067230591361827,45.91986043098225
2025-01-03 18:24:31.387118,9.43355433955692,25.38883891340236,0.3474214519509591,2.816803381279612,51.02296843086323
2025-01-04 18:24:31.387118,6.618233171008656,26.785285423077713,0.0,3.5345056484805504,42.298139477723105
2025-01-05 18:24:31.387118,5.93004747460269,23.993961842507794,2.1739790877564302,3.8876554258738363,48.00636802532233
2025-01-06 18:24:31.387118,10.377022670003457,26.678672239392135,0.41722860794693684,2.6793323744428084,53.54198339455816
2025-01-07 18:24:31.387118,10.29567521981854,25.61127328551635,0.0,4.795211355912322,48.32685149961298
2025-01-08 18:24:31.387118,10.297933494648687,24.704885209518373,0.0,3.230070759191402,40.30774984348847
2025-01-09 18:24:31.387118,8.908408586943207,26.233647577584676,0.5433680605196648,3.497743089091394,44.38192168535156
2025-01-10 18:24:31.387118,4.716083519517049,26.055525416480858,0.0,3.6659242520544613,45.716878325093006
2025-01-11 18:24:31.387118,6.019009714019308,25.34091667205743,0.23117146765186336,3.4215866106144555,21.01227932035495
2025-01-12 18:24:31.387118,3.6605622527240103,26.095324584333117,0.4366108362134088,3.8389405004696124,44.27259251964721
2025-01-13 18:24:31.387118,6.552112138675076,25.724293968159067,0.0,2.382746813453077,30.23889427868601
2025-01-14 18:24:31.387118,7.726985742347839,26.306881175281,0.0,2.4416982460539693,34.74366542807746
2025-01-15 18:24:31.387118,11.404053539884554,26.938897150101983,0.0,1.899845767028305,39.918717126271154
2025-01-16 18:24:31.387118,9.291506686613234,27.94580760381588,0.07401975612621958,3.4395012306202264,19.026610422156274
2025-01-17 18:24:31.387118,6.531608737221559,25.204596665576197,0.0,3.778936503512114,24.665213717688935
2025-01-18 18:24:31.387118,3.9319768493516642,28.657639497937712,0.0,3.4577728661518856,29.031356395150002
2025-01-19 18:24:31.387118,4.279333002823732,24.65426050893932,0.0,4.674492433347537,26.658904019139097
2025-01-20 18:24:31.387118,9.534144647453749,26.535829402934983,0.0,2.9944039811709535,48.87949260669442
2025-01-21 18:24:31.387118,10.000819205808568,27.356697817366435,0.0,3.6687416555925125,30.557632798360473
2025-01-22 18:24:31.387118,11.99043373413179,27.1296145821884,0.0,1.9082991238606857,35.55562576410504
2025-01-23 18:24:31.387118,8.74824424224332,26.305617511397443,0.0,2.612900297525599,44.223302703848944
2025-01-24 18:24:31.387118,7.577598972631775,26.799317695672592,0.0,3.6955377575657775,35.38280379139129
2025-01-25 18:24:31.387118,7.81824576178493,26.59296707840275,0.0,3.849102110743144,43.90562211781532
2025-01-26 18:24:31.387118,7.485022591054339,26.574513205807946,0.036353676561691306,2.7060330523358176,51.19988012784573
2025-01-27 18:24:31.387118,8.25130677323189,28.090748805723077,0.0,2.928400748141933,46.99637502783058
2025-01-28 18:24:31.387118,11.656351005513988,27.6747668404793,0.0,1.4821262533191906,49.252905128800414
2025-01-29 18:24:31.387118,11.422278002016226,26.700759605318286,0.0,2.6429707991933906,45.424601363303715
2025-01-30 18:24:31.387118,10.004361325682734,28.368477626233137,0.0,3.890383163519786,36.54449156439827
2025-01-31 18:24:31.387118,7.172808474476158,27.85065424013713,0.0,3.5752050161065663,49.64381350257936
2025-02-01 18:24:31.387118,5.989502746090001,28.429940155666714,0.0,3.5006657213812096,59.03946457317795
2025-02-02 18:24:31.387118,6.817353652153029,28.31965469961511,0.0,3.04977368718096,42.735403497292786
2025-02-03 18:24:31.387118,7.520708936307399,26.933181554916025,0.8735236346035818,3.0070631586281764,41.80211293798039
2025-02-04 18:24:31.387118,9.690748038717317,27.27332774125862,0.0,2.339678860526553,42.95359158990972
2025-02-05 18:24:31.387118,9.358877026351184,28.651294972392265,0.0,3.6988284202025348,24.8453560276265
2025-02-06 18:24:31.387118,7.862225549660539,28.58400370023728,0.0,3.4209729443893897,46.549049453171385
2025-02-07 18:24:31.387118,5.571592270987367,28.021482756611483,0.0,3.4920188479927994,32.95837633353807
2025-02-08 18:24:31.387118,6.232321962257167,28.22756112551312,0.0,2.4739651573324197,43.39559692982219
2025-02-09 18:24:31.387118,4.858039000074247,29.454826400239313,0.0,0.8466570801287556,24.135736035808087
2025-02-10 18:24:31.387118,9.738126438698083,27.651576416339076,0.0,4.097152711753695,44.885237117571926
2025-02-11 18:24:31.387118,11.255979877738277,28.855270472381427,0.13797504458333432,2.5211625439915957,37.540989914433865
2025-02-12 18:24:31.387118,8.809092473887457,28.170025441730832,0.0,2.1372242359568796,37.353252874953334
2025-02-13 18:24:31.387118,11.42980422969365,28.217582632891116,1.5412286165596871,3.693478911913994,36.87219563482519
2025-02-14 18:24:31.387118,8.733018363122472,29.596068487245425,0.0,2.6079873600808705,35.42358060437915
2025-02-15 18:24:31.387118,5.92721167348954,29.3836994603969,6.1535217846573635,4.059936384046622,49.60425326779088
2025-02-16 18:24:31.387118,7.289014255134588,29.4317298274802,0.0,3.6170059495766975,43.71106940980957
2025-02-17 18:24:31.387118,7.440521491312256,29.982563921974258,0.0,3.6835693232004774,29.263442371302716
2025-02-18 18:24:31.387118,11.404671534890781,28.755864280115535,0.0,1.6340442887994657,38.13357611820946
2025-02-19 18:24:31.387118,10.13150588651907,29.47348201368778,0.0,4.211943985386401,47.173488020302386
2025-02-20 18:24:31.387118,7.87226580926251,28.536807377826232,0.23744634073699333,3.261250531233856,52.13925012821514
2025-02-21 18:24:31.387118,7.295068840003889,29.22564560784232,0.0,2.6307228607537967,49.54729208880083
2025-02-22 18:24:31.387118,6.267843335667075,28.8245852294162,0.0,3.143388467342251,59.41102458124001
2025-02-23 18:24:31.387118,5.919014794684712,29.1038014058661,0.0,1.22376476710168,33.05143912553538
2025-02-24 18:24:31.387118,7.398349588744297,29.65285232047372,0.0,3.4086528114806707,48.21977130390678
2025-02-25 18:24:31.387118,10.574769178145441,28.289162083278597,0.0,1.9706284918179284,30.45616619690285
2025-02-26 18:24:31.387118,12.532043641714544,31.2482404075145,0.0,1.6473297141564656,48.665888814898565
2025-02-27 18:24:31.387118,10.538232314996065,28.19707464667269,1.395170185689587,1.4776408137821089,39.24433028446405
2025-02-28 18:24:31.387118,8.037474115049504,28.034896844849907,0.0,4.112688374989926,40.76868932516786
2025-03-01 18:24:31.387118,4.891822189078817,30.451930664879082,0.0,2.3707366063072115,28.088936315281906
2025-03-02 18:24:31.387118,8.54537545749808,30.12894446761092,0.0,4.5337277099165,43.1646516413965
2025-03-03 18:24:31.387118,7.461177037679509,30.00357834277337,0.7598308850957359,2.464198536947702,39.673543274626496
2025-03-04 18:24:31.387118,12.121421804370513,30.048683058981098,0.27202494056128856,1.2926420424070533,35.00909616120443
2025-03-05 18:24:31.387118,13.576897616487264,29.447659959450828,0.0,1.8834755600513409,28.963862025092475
2025-03-06 18:24:31.387118,11.032605356865425,28.600899976775384,0.0,4.235811620006938,34.97960001947037
2025-03-07 18:24:31.387118,7.228254550415218,29.610873622206906,0.0,2.8441018220633323,25.684605418256847
2025-03-08 18:24:31.387118,5.408238242666064,28.893478229414555,0.0,2.451712703509399,39.77337746030021
2025-03-09 18:24:31.387118,8.512553972257123,30.579976172000926,0.0,3.1600182258527876,48.19584715459144
2025-03-10 18:24:31.387118,7.426243542738697,29.490651036393842,1.4558602502752174,3.501782736167545,45.97669402880816
2025-03-11 18:24:31.387118,9.933571661665436,28.843688947322114,0.0,4.117398815902461,34.16318024154069
2025-03-12 18:24:31.387118,11.60803766809209,29.377894448056484,0.0,4.448499229892926,45.479528989209946
2025-03-13 18:24:31.387118,12.231229206619288,30.14091339141134,0.0,2.6402313542109144,34.65486764993081
2025-03-14 18:24:31.387118,9.221456576314566,29.191558028671793,2.652262667902395,1.6739523139179617,51.65019030127084
2025-03-15 18:24:31.387118,5.068449252504055,28.958953737393095,0.0,2.586534838876724,52.26508134074471
2025-03-16 18:24:31.387118,6.293058545451222,30.049336130853415,0.0,3.260280506582886,34.700727546633324
2025-03-17 18:24:31.387118,8.31262986882958,30.073666259382996,0.0,2.0362410737893892,40.70572924870109
2025-03-18 18:24:31.387118,10.658693900832597,29.343376433886405,0.0,2.042849085104957,47.39414708894054
2025-03-19 18:24:31.387118,13.804616177874118,29.39946397024378,0.23215291139561534,3.3437878815498854,46.253376060717805
2025-03-20 18:24:31.387118,8.441941570027716,30.121291644885922,0.0,2.951347648429549,37.395252328515014
2025-03-21 18:24:31.387118,10.533756662945237,28.45844800986072,0.0,3.0327969954115863,48.1118298348175
2025-03-22 18:24:31.387118,7.679560385182448,28.514905309383906,0.0,2.2415046652999306,44.59997932254925
2025-03-23 18:24:31.387118,8.539714997384898,29.218302990717493,0.0,2.7695992857942326,38.44584694417199
2025-03-24 18:24:31.387118,8.422900282916272,29.73621532372492,0.0,2.0757668557316955,31.36547754770794
2025-03-25 18:24:31.387118,11.566123210931947,30.272018612687663,0.38873350959934716,3.890198411124787,43.38965701133261
2025-03-26 18:24:31.387118,10.208499796615222,31.446445751419315,0.0,4.035249334723753,46.17218909284091
2025-03-27 18:24:31.387118,9.584082688580137,30.837254603937915,0.0,1.1538121377619062,27.471254091383358
2025-03-28 18:24:31.387118,8.477699182109468,29.82668633557735,0.0,2.0704891398075898,25.443406399870753
2025-03-29 18:24:31.387118,8.237904082592541,29.973160897875132,0.0,1.503470744909921,33.92966132329597
2025-03-30 18:24:31.387118,5.093300461374902,28.993720691560608,0.0,2.349976065593102,27.476506699133402
2025-03-31 18:24:31.387118,8.709326140686157,29.980329373907065,0.46546839513531213,2.916562030209639,30.22456835684973
2025-04-01 18:24:31.387118,11.465468765093943,29.71129505976081,0.0,1.55035478030147,38.84615740193184
2025-04-02 18:24:31.387118,9.805602959255577,30.322301853611776,0.0,2.0781401868746867,19.725151299941665
2025-04-03 18:24:31.387118,11.768381690971822,29.170500459884465,0.1527102401281354,1.9960426279185015,47.9582281477961
2025-04-04 18:24:31.387118,7.023992168926107,30.51374509216634,0.0,3.207267329398944,40.58144419463476
2025-04-05 18:24:31.387118,6.178055642579545,31.52232471732954,0.0,3.0693443370362505,39.29624529452761
2025-04-06 18:24:31.387118,7.174876176136195,29.874534360313994,3.4628607304176655,2.2782624466627466,44.286126766228335
2025-04-07 18:24:31.387118,8.879233976393879,30.37723827760243,2.4891584096639856,3.176820872139398,46.770502652029634
2025-04-08 18:24:31.387118,11.671139841388957,30.656428238048186,0.0,2.4533199154127345,34.810643610284956
2025-04-09 18:24:31.387118,12.48374465034377,29.554349848081436,0.0,2.728344889673947,61.61876408251658
2025-04-10 18:24:31.387118,10.410476495097974,30.16748043297212,0.0,4.673452090298537,50.33060505816495
2025-04-11 18:24:31.387118,7.339721856256205,29.94233315060095,0.0,4.3404610517903475,53.20327530646967
2025-04-12 18:24:31.387118,7.37506232289503,30.01230885844874,0.07553004608666292,1.7004187630724024,56.272652202436795
2025-04-13 18:24:31.387118,9.602966818361999,29.12505867437198,0.0,3.8297324178791747,38.9017681513831
2025-04-14 18:24:31.387118,9.885586353104328,29.904562927420784,0.0,3.811396554491592,48.78777519228191
2025-04-15 18:24:31.387118,13.559483654011272,30.358589274390756,1.0043532488189495,1.8517367112473817,40.44706172383488
2025-04-16 18:24:31.387118,10.546589135761602,31.290832522915363,0.25827481455842227,3.818777643754861,46.77416620173202
2025-04-17 18:24:31.387118,10.676173180016585,30.77662356890595,0.0,4.537931918412553,20.393990186162817
2025-04-18 18:24:31.387118,6.476441216152121,31.946771542448037,0.0,1.8774551937555861,34.20724559806976
2025-04-19 18:24:31.387118,4.171956210993935,29.001057420264182,0.0,2.0824971789857365,28.106366941862902
2025-04-20 18:24:31.387118,6.001405432751933,30.614128536781536,0.0,4.017661466843503,34.797849567228866
2025-04-21 18:24:31.387118,11.239870906341459,29.897147722690455,0.0,3.271495310825648,34.10109523605495
2025-04-22 18:24:31.387118,13.037298047237034,31.87420966469483,0.0,3.5514762752395233,24.338992841423792
2025-04-23 18:24:31.387118,12.57215783610109,28.845321369834746,0.0,3.3405892164004967,24.643350823700956
2025-04-24 18:24:31.387118,8.411688837791718,28.78173176878469,0.0,3.390695920928144,30.454423013697
2025-04-25 18:24:31.387118,7.729043692957677,28.988525484852946,0.0,1.673527871688917,25.75579436961275
2025-04-26 18:24:31.387118,7.182483668079471,27.429127426161273,0.0,4.047317706621448,41.73586956361696
2025-04-27 18:24:31.387118,7.439711848793216,28.99102398994266,0.013694564607531268,4.169589992427774,34.4581519453951
2025-04-28 18:24:31.387118,6.409191509687418,28.72006379212085,0.0,2.7706092559319724,16.744094245426826
2025-04-29 18:24:31.387118,11.124136613071773,29.590680399623672,2.361633288682372,2.9565230501861377,39.58961399805081
2025-04-30 18:24:31.387118,12.42250007898736,29.741816995644836,0.0,1.4688924974442779,36.691649433248216
2025-05-01 18:24:31.387118,11.65650480739202,31.234702432762496,0.0,3.5142547560178348,34.02086128817797
2025-05-02 18:24:31.387118,5.059373869638679,30.266134478435607,0.0,3.572057441714144,38.76084093206374
2025-05-03 18:24:31.387118,6.73272082098583,28.69470719308673,0.0,2.937808983000689,50.534526037554436
2025-05-04 18:24:31.387118,7.9816612399340565,28.327830615416957,0.0,4.1243533598705024,60.62912662598585
2025-05-05 18:24:31.387118,11.22771266385053,29.67154656859969,0.0,2.6659227690200593,52.16473405381053
2025-05-06 18:24:31.387118,13.180945362402614,27.811537786598905,0.0,3.5646059258936003,43.8082269321185
2025-05-07 18:24:31.387118,13.7430067422233,30.914149023083933,0.0,1.9803356613078844,50.718301373231085
2025-05-08 18:24:31.387118,9.868286007664736,30.211839852326012,0.0,2.976447849125762,41.32727751824822
2025-05-09 18:24:31.387118,5.5269733269167665,28.511738666808373,0.0,2.8256457420971643,37.03138749772014
2025-05-10 18:24:31.387118,6.06093910094515,27.215114746302696,0.0,3.2253079220409417,30.765098654136132
2025-05-11 18:24:31.387118,8.594896872307974,30.228292581000616,0.0,2.6304730711666413,23.397179094961096
2025-05-12 18:24:31.387118,11.770176512172497,28.704903218700096,0.31191256967680514,2.868527404328332,31.880610347524417
2025-05-13 18:24:31.387118,13.08518530300068,30.001150449633503,0.0,3.8260471714415063,34.1933601074956
2025-05-14 18:24:31.387118,13.255545156199192,27.111682395448614,0.37707526705195216,2.5632357627617823,30.566756602036467
2025-05-15 18:24:31.387118,11.421370816202232,28.048412747478665,0.0,1.3934228992613207,27.013006313530486
2025-05-16 18:24:31.387118,7.644768004710368,28.59362826809799,1.5595835595785026,4.749583904205421,22.43403151442575
2025-05-17 18:24:31.387118,6.61426004853588,28.57489864430063,0.0,4.381454078690487,35.20671127058903
2025-05-18 18:24:31.387118,9.614163653387065,28.016340662955642,0.0,1.7077373048943814,20.802690602582917
2025-05-19 18:24:31.387118,8.418906101289831,29.02671697973258,0.0,3.6897078052451944,39.13715549888227
2025-05-20 18:24:31.387118,14.556455922766256,27.272698891685074,0.9457400616283268,2.497025229448657,26.9822638485862
2025-05-21 18:24:31.387118,12.139588057810396,28.133402301024134,0.0,3.2634872153310597,31.39232765015059
2025-05-22 18:24:31.387118,13.075672441743075,28.330569197894718,0.7027934562314596,3.294224129013494,28.265718475074472
2025-05-23 18:24:31.387118,6.727074928153324,28.65825290703792,1.387045971167522,2.765592199683678,38.57697327594009
2025-05-24 18:24:31.387118,8.136930276329196,28.78803787790553,0.13403858885609288,2.2162343344136035,52.80249966782376
2025-05-25 18:24:31.387118,6.794828239745289,26.88347822428674,0.5577802034123484,2.3094589476837406,51.19609251941713
2025-05-26 18:24:31.387118,8.169746144850592,26.404812090726743,0.21447157027749952,2.0838080845187577,56.48763093406864
2025-05-27 18:24:31.387118,12.88002348362775,29.146538161420132,0.0,2.1681777917695553,53.836398630362176
2025-05-28 18:24:31.387118,15.288066566691429,28.130260324030473,4.428311599084318,2.9328217099506446,41.17064137175704
2025-05-29 18:24:31.387118,10.124497948827834,26.9777156561467,0.0,2.284240010889248,47.01294446827024
2025-05-30 18:24:31.387118,6.458198062057817,29.20480221633219,0.0,3.68205206571262,42.41866100490468
2025-05-31 18:24:31.387118,7.3436514171325,27.695986589372122,0.40944479648423104,4.487246155335927,57.715667044177835
2025-06-01 18:24:31.387118,7.411866376001928,28.685506251292708,0.0,2.419946758629957,35.42569082858948
2025-06-02 18:24:31.387118,11.01952893248729,27.49888201695356,0.0614702591638977,3.239404500535377,49.73777196613811
2025-06-03 18:24:31.387118,13.912758923668223,29.416545463251307,0.0,3.499685110302934,47.14363096087009
2025-06-04 18:24:31.387118,13.086636387890804,29.034874309985497,0.0,3.4720022709192744,52.048771162703616
2025-06-05 18:24:31.387118,13.93935633472335,26.9536297732734,0.0,3.0759552679160875,31.722507258964065
2025-06-06 18:24:31.387118,9.037251088745782,28.096572650802127,0.0,3.7426824183597223,38.62750946477589
2025-06-07 18:24:31.387118,6.787435717533507,27.692155743663253,0.0,3.4822489526806573,49.59296065446637
2025-06-08 18:24:31.387118,4.995146680374464,28.336582940814683,0.0,1.7623375776727022,25.399608321639764
2025-06-09 18:24:31.387118,9.228911422066497,25.92361636543972,0.04253571072963258,3.8691560643892733,17.719678019741124
2025-06-10 18:24:31.387118,11.416927258604328,27.494620113647276,0.0,3.8872908372667423,15.30066146584723
2025-06-11 18:24:31.387118,14.449746299977335,27.786486050203255,0.31838262574366427,2.2367138958214183,37.04144219304621
2025-06-12 18:24:31.387118,11.642651263926272,24.888302924699538,0.0,3.037937835447602,17.86373052366584
2025-06-13 18:24:31.387118,6.869724051728332,25.382276692013363,0.0,3.6833289928110693,32.021447576496556
2025-06-14 18:24:31.387118,7.461804143976815,24.44433191860735,0.0,2.7906861804206384,40.91031504528649
2025-06-15 18:24:31.387118,8.842480999676194,26.13174654155152,0.1552530179695879,4.072978047766012,41.48140429463927
2025-06-16 18:24:31.387118,12.562368753592795,27.035869719435997,0.10243363610536593,5.363872494619361,45.991749364498624
2025-06-17 18:24:31.387118,13.952316775453312,27.737467954500705,0.0,2.214013967365018,46.7783188464067
2025-06-18 18:24:31.387118,14.56209360438014,26.225623131572835,0.0,1.6189553968462251,57.30199431837257
2025-06-19 18:24:31.387118,11.572614669114097,27.696220122770274,0.0,3.303818595604876,41.04172299193395
2025-06-20 18:24:31.387118,9.72323460244051,24.60326299075299,0.9377593427677974,3.7215625051261436,44.24329715522242
2025-06-21 18:24:31.387118,9.205848103270434,24.195450489272655,0.0,2.769133626155231,43.81872443783341
2025-06-22 18:24:31.387118,6.171355311532268,25.75848736579597,0.0,4.453260663321034,56.30079275779157
2025-06-23 18:24:31.387118,10.051278598935735,26.113061433538682,0.29084367430535607,1.6613942002767512,55.86344274500486
2025-06-24 18:24:31.387118,11.610258731598002,25.611046139168813,0.0,3.692918623031611,50.68087036641363
2025-06-25 18:24:31.387118,14.002872401337047,23.4908529355686,0.0,2.3941391792411064,54.46794933511946
2025-06-26 18:24:31.387118,13.24026175106914,25.383563709573206,0.0,4.7193779062072965,33.16386351201425
2025-06-27 18:24:31.387118,8.309643210413899,24.08246289566246,0.0,4.992515353168118,53.337792892409105
2025-06-28 18:24:31.387118,3.93171408270383,25.970738935659003,0.0,2.233343412216652,49.59771852267292
2025-06-29 18:24:31.387118,7.313873954618526,25.5817094111195,0.0,2.45044286409142,40.88497597796596
2025-06-30 18:24:31.387118,11.833800022175327,24.18921241480831,0.249614774915773,3.859587886979802,47.183323458303136
2025-07-01 18:24:31.387118,13.046826938552906,24.529168067106752,0.26576215354663113,2.6128693502104854,18.08676030073347
2025-07-02 18:24:31.387118,13.579966241201497,23.897751493667606,0.0,2.954588782067762,26.145156647008104
2025-07-03 18:24:31.387118,10.864012710831842,24.808228701591165,0.0,3.02538842054241,24.117572314544383
2025-07-04 18:24:31.387118,7.012054204861007,25.740031155478587,0.0,1.0803268438023437,36.11257632716807
2025-07-05 18:24:31.387118,7.826930146797999,23.713207566835493,0.0,2.986162253905763,22.938620045338432
2025-07-06 18:24:31.387118,6.712860705200663,25.11711411935053,0.0,2.310272225935826,38.98889338283445
2025-07-07 18:24:31.387118,13.735430883110155,23.997058632541563,0.0,2.506877177600228,45.96428915197358
2025-07-08 18:24:31.387118,13.7193187339427,23.648832132129183,0.5429740950695127,4.443632003468814,42.973432749646726
2025-07-09 18:24:31.387118,12.459211446500383,24.24922875278254,0.0,1.7434931057207437,42.270008189291886
2025-07-10 18:24:31.387118,10.648277420746117,23.235761692981253,0.0,3.813205186747977,34.685203723819185
2025-07-11 18:24:31.387118,8.903436318146884,23.632315629960235,0.0,2.7210370696681916,38.225192270997006
2025-07-12 18:24:31.387118,7.447323761506681,22.90328917878334,0.0,2.7202398315041654,57.06801905423881
2025-07-13 18:24:31.387118,10.027657137272586,25.98136068394851,0.0,3.7903718960517114,54.89504606908709
2025-07-14 18:24:31.387118,10.876566296773474,23.96765897477275,0.0,3.3400512945688905,49.3471021078703
2025-07-15 18:24:31.387118,11.961623379201537,23.148746140854353,0.802210337413909,3.570612997219531,46.65672363387287
2025-07-16 18:24:31.387118,16.05950066983914,23.978869008329543,0.0,3.9681846605328612,33.452795277999684
2025-07-17 18:24:31.387118,11.817482408400386,23.569344486669134,0.0,2.668691616816677,40.09343468836887
2025-07-18 18:24:31.387118,10.748856706780339,23.377877024470695,0.0,2.3877632654922496,62.362420508983305
2025-07-19 18:24:31.387118,6.5273805615961855,24.130602603675975,0.046884753345952546,1.914849473442202,34.75635543198024
2025-07-20 18:24:31.387118,8.751259574628577,24.191972505368174,0.0,2.174589470021045,44.104029020794016
2025-07-21 18:24:31.387118,11.14224493556341,22.822456441266823,0.1719445656869083,5.949094425308726,48.05955178556167
2025-07-22 18:24:31.387118,9.748469073358992,22.696120196001655,0.0,4.244679580736786,27.37242820495659
2025-07-23 18:24:31.387118,16.401522827854457,22.91637964919952,0.12136374826525664,1.6489256337919787,36.47768379824871
2025-07-24 18:24:31.387118,13.75626303850089,20.80953900924459,0.0,1.6775420432564299,40.43225648821974
2025-07-25 18:24:31.387118,8.451350619176615,21.516857554519113,0.0,3.4818660617184913,31.439740537413627
2025-07-26 18:24:31.387118,6.4550915399753155,24.32009447336642,1.187602817778501,3.547264797377967,53.28796618244345
2025-07-27 18:24:31.387118,8.248872091880727,24.519966013653516,0.0,3.5488838353173646,16.651205928974438
2025-07-28 18:24:31.387118,10.656257948645202,22.548370038691143,0.0,2.7450442064463023,38.81056997618033
2025-07-29 18:24:31.387118,13.238144511508612,23.29702349551347,0.0,2.8745457399971,29.957332062983845
2025-07-30 18:24:31.387118,13.764235699373163,22.955452616174217,0.0,3.3278795241593575,39.10429342682791
2025-07-31 18:24:31.387118,12.84966474170567,25.647517272911788,1.190214480611138,3.0858930062933303,38.5304572135939
2025-08-01 18:24:31.387118,11.29023853117693,23.6133658442057,0.0,0.7806996272524649,31.54655997209483
2025-08-02 18:24:31.387118,8.56401049394099,22.29177045343997,0.0,2.7702003694248063,41.83197113967453
2025-08-03 18:24:31.387118,6.444521881027775,21.39080931858991,0.0,2.148593565739686,27.72497883983881
2025-08-04 18:24:31.387118,13.393561066000602,20.667351487039173,2.665985934202506,3.175211418908512,49.825980004571136
2025-08-05 18:24:31.387118,15.625543003432313,22.40551732381634,0.0,5.98525900260341,49.45633553978962
2025-08-06 18:24:31.387118,18.579355059559163,21.374787915194073,0.05547756752889821,3.3674816654743043,53.769535386989205
2025-08-07 18:24:31.387118,10.628894264765037,20.63882002893996,0.0,2.686470313827602,58.12420486358788
2025-08-08 18:24:31.387118,9.981490976806292,21.34530679963286,0.0,3.921801501977252,52.94095872167769
2025-08-09 18:24:31.387118,4.838947681096586,20.842028996568967,0.0,3.4826878872092126,50.84397362127693
2025-08-10 18:24:31.387118,9.196463434055806,23.543327562093392,0.0,3.420094490451841,41.611707344554084
2025-08-11 18:24:31.387118,9.895165586803305,22.671366190766634,0.0,3.606850593215671,41.37330170267316
2025-08-12 18:24:31.387118,16.22054067886989,21.71624557263796,0.0,5.056543564829541,54.493876961418685
2025-08-13 18:24:31.387118,12.878221455506683,23.13962481782236,0.6189135002781215,1.8691115646740843,54.078873696673
2025-08-14 18:24:31.387118,9.588324600526253,21.673501260262537,0.6927280496719718,3.4736320768114544,38.095116509503725
2025-08-15 18:24:31.387118,8.677049802133567,20.672309664236852,0.0,2.0736188700184615,37.77983152700105
2025-08-16 18:24:31.387118,4.607246306629821,22.99520602673377,0.0,3.5555126463422484,27.763085000049855
2025-08-17 18:24:31.387118,9.577374473362356,21.95052547530485,0.0,2.0813134885139055,42.310986950274014
2025-08-18 18:24:31.387118,7.71847566502,20.314966075241106,0.6141931168534044,2.5826331863949155,36.66308055168989
2025-08-19 18:24:31.387118,13.275590443755213,21.103551267673414,0.0,2.704910085762094,45.870481228819315
2025-08-20 18:24:31.387118,10.24753431441242,20.3610476089552,0.0,3.975816719344709,22.973415382562088
2025-08-21 18:24:31.387118,11.357538081446982,19.79775720508295,0.0,3.918454443942414,27.316678544963544
2025-08-22 18:24:31.387118,11.897139709864154,22.051757340696437,0.34948713331411496,1.7542826235536155,33.191313342360175
2025-08-23 18:24:31.387118,8.388205070407036,22.98116736507656,0.0,3.0549341109998487,38.100848489940724
2025-08-24 18:24:31.387118,7.044758323140891,19.620518107267785,0.0,2.2904201452508275,33.274658899619055
2025-08-25 18:24:31.387118,10.591757183098277,21.530569505085847,0.0,1.7414950893246655,30.428120825345125
2025-08-26 18:24:31.387118,13.3815551994252,20.266667173648592,0.14005119663335253,2.7829829495756297,47.05126023138859
2025-08-27 18:24:31.387118,14.650874722338376,20.381103622615758,0.0,2.69151721154418,48.357273351389686
2025-08-28 18:24:31.387118,10.238460842712145,20.22797867866795,0.8685051318545459,5.426716486345523,37.66980719549012
2025-08-29 18:24:31.387118,10.81549189783251,19.909763943554868,0.0,3.432959825360696,57.914610220709434
2025-08-30 18:24:31.387118,4.259065690278711,20.776910779195692,0.0,1.6223824992457627,58.021843711417254
2025-08-31 18:24:31.387118,7.814351328867654,19.853339243339406,0.0,2.435225995829058,50.733630240873
2025-09-01 18:24:31.387118,10.38032489430285,20.91192523223323,0.0,4.021383295429398,50.63678289900829
2025-09-02 18:24:31.387118,14.487319095147308,20.549700870683186,0.0,5.088442772869925,54.091720431818004
2025-09-03 18:24:31.387118,14.00079925135366,20.320765339986128,0.43368323138498577,1.4140166877620417,41.766629475794396
2025-09-04 18:24:31.387118,10.311754638007699,19.61323988428386,0.2111080426794536,1.120075614860955,47.31131964517817
2025-09-05 18:24:31.387118,7.9164777267843345,19.906449657808245,0.0,4.870965175371782,27.780931643126536
2025-09-06 18:24:31.387118,8.515232990076612,21.202368075354677,0.0,3.3896141773709036,49.59983561504858
2025-09-07 18:24:31.387118,8.24606562420838,20.912999057327415,0.0,2.1317072681236335,27.508054220465212
2025-09-08 18:24:31.387118,10.351722901143848,19.40099114423598,0.3081285103466579,3.534629086122435,49.43916817640679
2025-09-09 18:24:31.387118,12.715905721104297,20.44571265023933,1.322405865014035,0.36425226098312224,32.359039248268566
2025-09-10 18:24:31.387118,14.783747658938111,21.06698039189463,0.0,3.003375506597161,31.235596332685194
2025-09-11 18:24:31.387118,11.308783050371822,18.616789001926527,0.2865659902668932,3.3278211728430853,26.317874713479583
2025-09-12 18:24:31.387118,9.470744991863718,20.801552292319077,0.6690223017267339,3.9242701395378297,28.036430745732694
2025-09-13 18:24:31.387118,11.377086160799028,19.568971257901925,0.0,1.9861040477074623,41.34825076118429
2025-09-14 18:24:31.387118,5.957747046966599,20.777009583656678,0.0,3.085687161403359,10.43827248482867
2025-09-15 18:24:31.387118,8.293345283655235,19.419388100636738,0.0,2.0745753739404127,41.555469050861134
2025-09-16 18:24:31.387118,14.483541345340962,18.355428984215163,0.0,3.255383755674317,35.63312003694807
2025-09-17 18:24:31.387118,12.67369568094716,18.511866578971528,0.0,2.1046536776369758,25.343826817142205
2025-09-18 18:24:31.387118,11.670481133830362,20.168032193499542,0.0,2.5918991608397794,28.80931040458089
2025-09-19 18:24:31.387118,8.941946331909454,20.36165404349403,0.3355461605274148,2.0041846052097707,53.41114421766571
2025-09-20 18:24:31.387118,7.675998760532924,19.181050614995684,0.0,3.6511362418236573,35.02413541148325
2025-09-21 18:24:31.387118,11.24626517954884,20.70885170895822,0.8924427025188545,3.8584511166566653,35.77319591523231
2025-09-22 18:24:31.387118,12.636584370942844,18.395091986569337,0.0,2.7653794300425862,56.16958415078315
2025-09-23 18:24:31.387118,14.99063056648073,19.978349881385412,0.022136551417709094,3.038237994960028,51.36867704813163
2025-09-24 18:24:31.387118,11.973560225868493,18.82269955390047,0.0,1.5514085853664559,42.15585365059948
2025-09-25 18:24:31.387118,10.94958060858811,19.372637336694357,0.0,2.700323351993213,51.73299980323695
2025-09-26 18:24:31.387118,5.702101486033023,20.064104162545565,0.41652978369233373,2.9497953829582553,41.45323679376843
2025-09-27 18:24:31.387118,7.3704815363349026,19.150000830389086,0.0,5.6207930910299755,57.466825225225264
2025-09-28 18:24:31.387118,10.57080104279141,19.621045877845006,0.0,1.8880329742258364,55.56203553085054
2025-09-29 18:24:31.387118,12.14054076543407,21.00856140577765,0.0,4.464177238752438,49.25604959057571
2025-09-30 18:24:31.387118,13.312854131795934,19.423524837203164,0.0,3.996858773465808,45.48147894100144
2025-10-01 18:24:31.387118,14.373123410947173,20.835738413384192,0.0,3.2806364044901364,54.08950499893901
2025-10-02 18:24:31.387118,11.426896977405237,18.871450635442926,0.0019403527703064638,4.758620484195133,37.409300168080534
2025-10-03 18:24:31.387118,9.936387246182676,20.533554121716865,0.0,3.372105472606863,25.545006996633703
2025-10-04 18:24:31.387118,9.384528152491312,21.44939151488008,0.0,3.389159195667929,36.524723490793015
2025-10-05 18:24:31.387118,6.631237818649252,17.541730634331934,0.0,2.946879346982455,48.02812235845251
2025-10-06 18:24:31.387118,11.343924847588472,19.223509763793626,0.0,4.223568882418627,22.22266579162254
2025-10-07 18:24:31.387118,14.746312711165054,20.605982592710777,0.0,4.0964692338108835,27.108297866448115
2025-10-08 18:24:31.387118,13.445579503938834,19.835843566867343,0.0,2.374322712503788,33.67231004192094
2025-10-09 18:24:31.387118,13.450872278935744,20.42148339793454,0.0,1.6807528054012326,30.908507170109747
2025-10-10 18:24:31.387118,13.911740520258475,19.45926760131425,0.0,2.7970193626043427,25.070503545115937
2025-10-11 18:24:31.387118,8.298199330971064,20.164220703712438,0.0,2.1999614356023534,43.97486284984375
2025-10-12 18:24:31.387118,9.87390883410615,19.937790413249875,0.0,2.936475425384645,55.97213532511266
2025-10-13 18:24:31.387118,10.244295407951734,21.278540354131522,0.0,4.237438134684139,41.56905167219113
2025-10-14 18:24:31.387118,13.854484073969909,20.38391856743911,0.0,2.54269834491321,35.35564413313717
2025-10-15 18:24:31.387118,14.80735749001037,20.487283052817666,0.0,2.957176618688425,32.60831579957224
2025-10-16 18:24:31.387118,13.126612240990582,19.759423345603256,0.0,3.0580227348083953,49.134875661635014
2025-10-17 18:24:31.387118,8.878631258771529,19.706744856566004,0.0,3.8484308822052844,57.49127278437442
2025-10-18 18:24:31.387118,9.02397092513978,19.786267679220853,0.0,0.7531106660153948,53.46060023485374
2025-10-19 18:24:31.387118,11.585041672777207,20.639169560902527,0.7881341332592825,2.3932997052347034,49.98076927264917
2025-10-20 18:24:31.387118,12.214860302934099,19.851033582044025,0.26502477595391094,3.2112836922794727,44.94508504857626
2025-10-21 18:24:31.387118,15.186934130533846,20.590494567186937,0.0,4.200078956426861,39.92294497609967
2025-10-22 18:24:31.387118,14.254247349975818,22.406214654530814,0.0,2.508097552493795,53.74907842246448
2025-10-23 18:24:31.387118,14.092705035909937,21.23341628553571,0.0,1.123447293958126,52.31017297108479
2025-10-24 18:24:31.387118,10.351697583122101,20.069120029248985,0.0,3.619711445966136,30.222352157499376
2025-10-25 18:24:31.387118,7.343224405432596,21.630573981237276,0.0,2.3646376111743708,52.71871182544571
2025-10-26 18:24:31.387118,9.63908731090484,20.05685556296527,0.08356332394038823,1.8103333409096387,42.00437931612694
2025-10-27 18:24:31.387118,10.096390148062863,18.46372111656093,0.0,2.3756546102867757,46.1967571611664
2025-10-28 18:24:31.387118,12.510012239081973,19.532006956784855,0.0,2.8154746423441503,22.191910200253588
2025-10-29 18:24:31.387118,14.323094103020178,18.708870529257325,0.1302742557975206,2.3952553354617874,20.413152718832052
2025-10-30 18:24:31.387118,13.02049737260228,20.269027990237475,0.0,0.7944339429009308,29.148987258970966
2025-10-31 18:24:31.387118,8.303575465772337,20.681136605541564,0.04314936218736942,3.897066196887132,34.02227541516155
2025-11-01 18:24:31.387118,10.355761692037296,22.382617520896268,0.47667102698976593,4.274875041278722,44.71162832052497
2025-11-02 18:24:31.387118,10.132768484513964,21.077841916126523,0.8024298450690678,3.651521991339506,36.98837727267661
2025-11-03 18:24:31.387118,10.29265698605644,20.577807443018745,0.0,1.8623143295751834,30.987481973638236
2025-11-04 18:24:31.387118,11.314898179503786,21.67355244935445,0.0,2.798508466052482,26.789046338672904
2025-11-05 18:24:31.387118,14.402463150537882,18.68148192448004,0.0,2.993478684770542,47.25181413072785
2025-11-06 18:24:31.387118,12.03838277844082,21.17791926307176,0.0,3.59879438956191,32.28235659399422
2025-11-07 18:24:31.387118,10.750378246010936,21.76405975301358,0.0,3.668340488718081,55.615938889203804
2025-11-08 18:24:31.387118,8.18386485325983,19.566685470436273,0.09412562737848096,2.265826201221504,42.72492280314778
2025-11-09 18:24:31.387118,6.857402027474933,22.24227478785305,1.1408363907018702,3.0819955564135606,59.795724392808225
2025-11-10 18:24:31.387118,11.299313679714636,21.491422273074722,0.0,3.457280404615241,54.09170435831861
2025-11-11 18:24:31.387118,13.869714335172034,20.793183043706385,1.0069133371169574,4.4558223221467665,48.56329434735104
2025-11-12 18:24:31.387118,15.61217185421438,21.89792142762351,0.0,3.704506539824723,45.844829025390986
2025-11-13 18:24:31.387118,12.081510258210692,23.593607742984467,0.2925932394607492,3.7890566873755187,46.93199524412205
2025-11-14 18:24:31.387118,13.098096544243102,21.563646063578933,0.0,3.083826627929361,52.0867875768464
2025-11-15 18:24:31.387118,6.143003984163936,21.689937474891458,0.6574107552744809,4.410459145203504,47.68831978160731
2025-11-16 18:24:31.387118,11.286246974008854,21.04334746520152,0.0,3.409762795959497,40.249508735450405
2025-11-17 18:24:31.387118,11.358784327052525,20.71489179441687,0.0,2.1389120898264293,41.263139168484116
2025-11-18 18:24:31.387118,15.327444080674484,22.458117722379516,0.0,4.4033699701251905,40.62861623775308
2025-11-19 18:24:31.387118,14.51461644258053,20.835743082879738,0.862458720369157,3.6979032725390275,20.381936793656376
2025-11-20 18:24:31.387118,14.68429141975707,21.828418432044483,0.0,2.5569559788715175,38.665344918309586
2025-11-21 18:24:31.387118,9.529129083626113,21.345181048783996,0.0,2.5205070326007566,25.091162390400207
2025-11-22 18:24:31.387118,6.830386780456559,22.368746083542053,0.20419710019277626,3.2965755451407617,22.113086736509707
2025-11-23 18:24:31.387118,11.25400489507238,22.291277754711317,1.0095158618270106,3.4631847952675847,16.84198696022364
2025-11-24 18:24:31.387118,11.082756231517926,23.06390650945408,0.0,3.1972922656312064,15.648860017056878
2025-11-25 18:24:31.387118,14.017775392084623,21.585982233876244,0.0,3.311308673442885,19.497161712210968
2025-11-26 18:24:31.387118,16.2502631736349,21.89661628325104,0.0,4.69995737457638,25.667578301111668
2025-11-27 18:24:31.387118,11.69481845997796,21.259059718379593,0.0,4.071543152234886,48.5550052883469
2025-11-28 18:24:31.387118,11.187444380962978,21.865680882232393,0.0,3.1906355912650244,30.792962592838226
2025-11-29 18:24:31.387118,8.385935905757357,22.7602224562171,2.1444278450739276,3.9413105807674835,38.83381039911897
2025-11-30 18:24:31.387118,9.339413995880507,23.21363389738483,0.09542727455070832,1.9674760964724605,43.203851092050634
2025-12-01 18:24:31.387118,11.991152686891475,21.608956925022486,0.0,3.397927049946809,43.636711940752086
2025-12-02 18:24:31.387118,12.002770701517523,23.475936719526718,0.0,4.80930634973311,44.38045231419196
2025-12-03 18:24:31.387118,13.536702526376251,24.037886504290693,0.0,2.7819541046076264,37.508717703071504
2025-12-04 18:24:31.387118,15.573614044453942,23.17228819452165,0.0,2.152366071380915,60.26767442407798
2025-12-05 18:24:31.387118,12.359972193764396,24.712917849805905,0.0,2.3479111114069395,64.11683141199373
2025-12-06 18:24:31.387118,8.772031506404048,22.140242787834843,0.0,1.9103669626576116,36.538730447018516
2025-12-07 18:24:31.387118,9.984641917112892,21.747905350658712,0.3305529301582375,2.2152380918722967,41.46702953579964
2025-12-08 18:24:31.387118,11.567071667521882,21.292962719877686,0.0,2.629491901409971,46.42177129882842
2025-12-09 18:24:31.387118,16.584914009228058,24.647421597035816,1.6372458701515784,1.594432980821358,39.354765452584
2025-12-10 18:24:31.387118,14.705209358407163,23.8859850454722,0.0,3.015618333949603,49.047724427646905
2025-12-11 18:24:31.387118,13.494654612190395,23.256800831118976,0.0,3.902277173786647,36.76201283177248
2025-12-12 18:24:31.387118,12.683802969709483,23.673620317857996,0.0,2.0922438198530795,57.32044854245292
2025-12-13 18:24:31.387118,7.977883002260139,22.349904829420176,0.0,4.519283923641769,46.93619830372357
2025-12-14 18:24:31.387118,11.866701174242404,26.003339815213778,0.0,3.5107920885275945,36.700592245057656
2025-12-15 18:24:31.387118,9.677204331278785,23.769430394304703,0.0,4.030580585624057,41.14482229469247
2025-12-16 18:24:31.387118,16.99512518356415,23.83262831902395,1.2071427617529022,2.342165446147863,40.1869493570141
2025-12-17 18:24:31.387118,14.052353597270379,24.532402793868943,0.0,3.854525227066616,25.829161832643432
2025-12-18 18:24:31.387118,12.67568726476789,24.37140166671588,0.443394641399267,1.908066099604687,23.47026204366428
2025-12-19 18:24:31.387118,7.758357507981942,24.198361524936033,0.4285312864584919,3.8902475008365087,30.96588624086648
2025-12-20 18:24:31.387118,8.357680886550773,23.26839199533847,0.0,3.1718393397935314,38.23283495813918
2025-12-21 18:24:31.387118,7.985624063602824,24.615002636228606,0.0,3.5532512199847837,34.041415377361936
2025-12-22 18:24:31.387118,10.756211044789229,26.11048039315363,0.0,1.8244053943751484,22.384028142471944
2025-12-23 18:24:31.387118,13.98931227866813,25.65902618558865,0.0,2.104930157723395,30.989213997368047
2025-12-24 18:24:31.387118,16.41377371337487,25.992146402142634,0.12069106647571004,3.5972282182533846,39.40821709124477
2025-12-25 18:24:31.387118,13.702713556781982,23.973275836331638,0.0,2.0516519957757993,41.98286561641845
2025-12-26 18:24:31.387118,12.011421370683792,23.580571186054186,1.8797542982421365,3.463206292099123,60.78033741431844
2025-12-27 18:24:31.387118,7.421600465639656,24.530200945888748,0.0,1.6328621935397543,35.98316427267353
2025-12-28 18:24:31.387118,8.667473777642442,24.797626576172426,0.0,3.848174212666668,52.70496797253131
2025-12-29 18:24:31.387118,15.219530790117307,25.92208346035722,0.0,1.767476685231491,61.57216312951698
2025-12-30 18:24:31.387118,13.913184127335757,23.221468589506003,0.03529636404444736,3.552299937679523,68.17159796338237
2025-12-31 18:24:31.387118,17.647577692179794,26.52955031946062,0.0,3.6256309336460006,46.42407887741904
2026-01-01 18:24:31.387118,13.308893212223495,24.928058882200183,0.0,2.303228181570425,52.59168965960603
2026-01-02 18:24:31.387118,11.064363700251675,24.74522698816631,0.0,3.5820265670847267,51.62915066945465
2026-01-03 18:24:31.387118,10.952041080847948,24.2459939608561,0.0,3.260442263333556,46.563853852426256
2026-01-04 18:24:31.387118,11.748292762326113,23.68915546214583,0.0,2.461158143807262,41.79742884111087
2026-01-05 18:24:31.387118,12.063537221901376,26.252994577649147,0.0,1.991445315923792,43.48780311600039
2026-01-06 18:24:31.387118,13.476206684466133,25.58882645442558,0.0,1.037374308327421,17.153840867217532
2026-01-07 18:24:31.387118,15.030034182172175,24.31107932475571,0.0,3.3496500472996935,40.456555920501174
2026-01-08 18:24:31.387118,13.877354618049457,24.391315088502708,0.0,1.4351972286379449,33.9383554174303
2026-01-09 18:24:31.387118,12.113605252335828,25.43575940403128,0.43551001812639367,3.0953441994413082,29.559946787929473
2026-01-10 18:24:31.387118,9.695464614901345,27.52548724619678,1.3479538844913619,2.7365517839177507,46.71563930286575
2026-01-11 18:24:31.387118,10.494845556624153,25.681542197852618,0.0,3.6791427754381956,24.600527849675583
2026-01-12 18:24:31.387118,14.429862274898193,24.52237954622499,0.0,2.6979545005101357,27.116133824589074
2026-01-13 18:24:31.387118,15.302902313397135,25.863864500934884,0.0,2.6705522136529085,47.27217237979339
2026-01-14 18:24:31.387118,15.36771185553935,25.920640260282077,0.0,3.7318707042882955,26.27244174933559
2026-01-15 18:24:31.387118,11.291530364837236,23.579879832639364,0.9813191519475469,3.3350580290841174,30.599077736507667
2026-01-16 18:24:31.387118,6.94696570063429,26.305495921152716,0.0,3.316155957182778,36.235606161528054
2026-01-17 18:24:31.387118,10.072297374440506,26.211477634194367,0.0,3.4692675898085263,46.72587585703626
2026-01-18 18:24:31.387118,9.887281415871636,27.22081248809486,0.0,1.4644278767928942,44.25061050985166
2026-01-19 18:24:31.387118,11.42100593208352,28.45530440340717,0.0,3.756788679986982,34.658997222781686
2026-01-20 18:24:31.387118,15.077064139820562,27.814179527518327,0.0,3.612468794013602,42.813719306847844
2026-01-21 18:24:31.387118,15.230206514193041,26.499491920327028,0.0,1.9833168714235028,43.80141857214666
2026-01-22 18:24:31.387118,15.50415139132565,25.742096805711697,0.0,2.7559195263257985,49.041489901106324
2026-01-23 18:24:31.387118,11.435650070416566,29.501676834467897,0.0,2.960692712372369,53.406749269038635
2026-01-24 18:24:31.387118,8.592559868344791,27.066658380044355,0.1381522314781123,2.865503215598267,53.00490430999449
2026-01-25 18:24:31.387118,11.388798111143991,27.09989730497453,0.0,3.333859966568535,34.45216000545732
2026-01-26 18:24:31.387118,12.355955301827743,27.139752875642152,0.0,4.4313667818311835,55.58259571235227
2026-01-27 18:24:31.387118,15.655710488272012,27.43923146946991,0.0,4.081766727672829,47.0205507679731
2026-01-28 18:24:31.387118,14.8719566138918,27.173390942590313,0.0,1.6877808065685937,53.6644468317765
2026-01-29 18:24:31.387118,12.797982621473034,26.820007193698704,0.0,3.6220699903060485,43.55358661832562
2026-01-30 18:24:31.387118,11.359048992143085,26.922018809559496,0.0,4.32893331953541,46.22239321086077
2026-01-31 18:24:31.387118,9.520821606523095,27.510601449044522,0.15857563960508025,3.3868085206892027,38.73236249160108
2026-02-01 18:24:31.387118,10.878220870401293,27.073653265693988,0.0,4.0909804251859665,43.6987382377567
2026-02-02 18:24:31.387118,11.947386391041343,26.977180075014335,0.0,5.012270445700765,35.51775105029779
2026-02-03 18:24:31.387118,11.832103167059817,27.86860679352999,0.0,4.023709546106981,29.55741976556611
2026-02-04 18:24:31.387118,14.899212466434388,27.578531564034733,0.0,3.249308595641729,48.17947776357505
2026-02-05 18:24:31.387118,14.911439692375364,29.40799435585169,0.0,4.0450884740847535,37.4530387153484
2026-02-06 18:24:31.387118,10.650878690386484,25.322663626410804,0.0,3.1448878330968912,35.929701330190994
2026-02-07 18:24:31.387118,8.850011096799264,29.13389120249809,0.0,3.0239030432849554,22.71849685582781
2026-02-08 18:24:31.387118,11.327941092660646,29.356318934701964,0.0,2.6485857642862674,24.693539060291492
2026-02-09 18:24:31.387118,11.437110827233806,26.103771272042735,0.0,4.563413358832108,39.75353340610947
2026-02-10 18:24:31.387118,12.574573011682656,27.900460211094558,0.0,2.1815713340579985,41.16416958214585
2026-02-11 18:24:31.387118,15.167341255876405,27.9367322252156,0.0,4.5323677246781156,37.6752099309587
2026-02-12 18:24:31.387118,13.484815702473513,26.964706399446904,1.2343409002800962,3.4998641237403714,46.127861596896324
2026-02-13 18:24:31.387118,10.194580967741732,27.65744714852746,0.0,1.6006938251980585,59.78008323621438
2026-02-14 18:24:31.387118,9.656618056291428,27.386715789792408,0.0,3.3676492929914215,54.223473834246775
2026-02-15 18:24:31.387118,10.97238782716346,30.310553554832495,0.0,0.899973492348376,40.53119018486873
2026-02-16 18:24:31.387118,12.748225745305406,29.553898584627024,0.0,3.6255080168310356,49.10792938285645
2026-02-17 18:24:31.387118,15.46035658475485,29.948640209814087,0.0,3.885231482988991,43.2195264160702
2026-02-18 18:24:31.387118,18.356068378450125,29.456532502526013,0.0,2.4076440443479465,45.55865470657587
2026-02-19 18:24:31.387118,13.472575774752897,27.662477271175582,0.0,3.1235476959555823,43.76214248682844
2026-02-20 18:24:31.387118,11.759448441397696,28.322553868139916,0.0,4.954157433750286,41.17883533916826
2026-02-21 18:24:31.387118,8.823977713709358,29.390853816581796,0.15819672324385403,2.4942532957380634,32.54710747523802
2026-02-22 18:24:31.387118,9.004541223722544,27.732600474891942,0.0,1.9410924129433995,38.97876254785466
2026-02-23 18:24:31.387118,11.631177488957274,29.71980387104577,0.0,4.4816634024625985,32.9269484541964
2026-02-24 18:24:31.387118,13.81171576871921,28.81736989687867,0.4653548449900978,4.962587190530795,11.564410479981863
2026-02-25 18:24:31.387118,16.32105160054912,28.732561958962474,0.0,3.003695671847847,49.352708384147775
2026-02-26 18:24:31.387118,17.50626296132159,29.86681310003253,0.0,4.011463035408356,40.04990319588905
2026-02-27 18:24:31.387118,10.189700619746795,29.647355339658432,0.6440513637951956,4.341475915530881,27.330335937709428
2026-02-28 18:24:31.387118,9.071774865140734,28.888119291818562,0.5924275607545127,2.2575157674616158,30.150552397924788
2026-03-01 18:24:31.387118,9.889171172100415,30.453149594743262,0.0,2.5146941646321315,20.967506958568784
2026-03-02 18:24:31.387118,13.41180885275747,28.256218446048088,0.0,4.230874513154735,44.9055289846425
2026-03-03 18:24:31.387118,15.632965500262651,29.995394132665478,0.0,4.685014278708509,48.10724174631923
2026-03-04 18:24:31.387118,17.515998423987092,30.013438807685205,0.0,3.5628808601743547,36.2535498259723
2026-03-05 18:24:31.387118,10.52406420559901,29.150360292983752,0.0,2.1201856464979456,45.60005470245747
2026-03-06 18:24:31.387118,7.905999861983239,29.824287370503335,0.0,4.987061111699441,41.4022942314711
2026-03-07 18:24:31.387118,8.939286744239661,28.283955487627875,0.0,2.4690291021880357,31.894386940017846
2026-03-08 18:24:31.387118,12.182497132908885,30.494666960133568,0.33966519015798535,2.6648622188285485,41.705413048290644
2026-03-09 18:24:31.387118,10.604057783512427,29.419954302140184,0.0,3.3423378344896215,48.12649154604111
2026-03-10 18:24:31.387118,10.734523383621386,29.114985397376945,0.0,4.554160420714775,45.02387228789672
2026-03-11 18:24:31.387118,16.74975348674249,30.718195369951516,0.0,3.8539759765522237,47.91003204341043
2026-03-12 18:24:31.387118,14.687940360320347,28.994936599166717,0.0771361830752949,3.4148655003619104,49.268803539927085
2026-03-13 18:24:31.387118,10.090357741388225,28.319520640772154,0.08538481670351195,3.4632885301181062,49.012230279967056
2026-03-14 18:24:31.387118,8.644157855654267,28.198653407951866,0.128422770223244,3.043514668643466,49.07832196182433
2026-03-15 18:24:31.387118,9.021614518757755,30.38718408430517,0.0,3.558139514518506,38.586227280692725
2026-03-16 18:24:31.387118,13.128078517478544,28.525219566865218,0.5849906256405136,0.470439922305697,39.263870806976506
2026-03-17 18:24:31.387118,14.122251859638093,31.58349387025864,0.0,2.7033925409302015,32.31151632542564
2026-03-18 18:24:31.387118,16.70233010295854,27.768390201373812,0.0,3.241321934916781,47.822524397489424
2026-03-19 18:24:31.387118,9.592798393090384,31.56695864415214,0.35877244904626693,1.848985916380493,20.56663401425222
2026-03-20 18:24:31.387118,10.397645439886341,30.100259174730905,0.0,3.38632331781156,44.228722746535595
2026-03-21 18:24:31.387118,8.3765298694127,29.809819239487652,0.0,2.7955287790138783,44.01972736623736
2026-03-22 18:24:31.387118,9.968440560363067,29.377449996951512,0.0,4.7554756983154896,28.922301266294667
2026-03-23 18:24:31.387118,11.57170221913046,30.335883326322,0.2923047808792498,4.573019725214857,9.51564503449092
2026-03-24 18:24:31.387118,16.224450427332975,29.912027773011918,0.0,2.534194430881837,27.109515504261676
2026-03-25 18:24:31.387118,12.882323947991361,31.06441292910618,0.0,2.8491622884333045,29.82726844679882
2026-03-26 18:24:31.387118,13.994987635903287,30.085317183131803,0.0,2.9260524343916074,23.254960202724313
2026-03-27 18:24:31.387118,12.34898742753399,30.129896742197776,0.3349515465786903,2.5483405238403773,28.807185037668447
2026-03-28 18:24:31.387118,12.985018650115595,29.62301265332692,0.0,3.1950249840281266,47.24156159090673
2026-03-29 18:24:31.387118,9.976481132903473,29.935231482056754,0.0,2.24171793111241,42.7312268473887
2026-03-30 18:24:31.387118,13.338757648228281,30.304051825090475,0.0,1.8693846650624737,32.60348708497527
2026-03-31 18:24:31.387118,12.445848200445775,28.288674117242827,0.0,3.622711223900269,29.807397094261628
2026-04-01 18:24:31.387118,12.404526659258366,28.65176827657524,0.0,3.6295295842218107,42.38386145912155
2026-04-02 18:24:31.387118,15.706081052566464,30.742847387296404,0.0,2.1956842403400074,45.363413577062
2026-04-03 18:24:31.387118,11.982605292910238,30.168596841564728,0.0,3.8953554307625997,52.629847536750844
2026-04-04 18:24:31.387118,12.000519789399151,29.81041524157249,0.0,2.3684222708346687,45.37672456234939
2026-04-05 18:24:31.387118,8.936241151199184,30.008019737392353,0.0,3.2531652380379814,54.091996602894895
2026-04-06 18:24:31.387118,14.439893929750806,30.33087621413252,0.43615454395114595,3.820344012612456,65.1404905833725
2026-04-07 18:24:31.387118,18.53240645256784,29.435766875194126,0.0,2.966387435296287,55.18426221739854
2026-04-08 18:24:31.387118,16.77806934414576,29.18797952093476,0.0,3.4547409121411343,46.6863597532195
